{"cameraMode":{"drawMode":0,"name":"Shaded","section":"Shading Mode"},"sceneLighting":false,"audioPlay":false,"sceneViewState":{"showFog":true,"showMaterialUpdate":false,"showSkybox":false,"showFlares":true,"showImageEffects":true,"showParticleSystems":true},"in2DMode":false,"pivot":{"x":2.202251434326172,"y":2.5121865272521974,"z":-0.8939614295959473},"rotation":{"x":-0.10263432562351227,"y":0.6613103747367859,"z":-0.09205327928066254,"w":-0.7373355627059937},"size":0.4797254204750061,"orthographic":false}