{"cameraMode":{"drawMode":0,"name":"Shaded","section":"Shading Mode"},"sceneLighting":true,"audioPlay":false,"sceneViewState":{"showFog":true,"showMaterialUpdate":false,"showSkybox":true,"showFlares":true,"showImageEffects":true,"showParticleSystems":true},"in2DMode":false,"pivot":{"x":1.4473658800125123,"y":-0.28688234090805056,"z":4.134469509124756},"rotation":{"x":-0.3328706920146942,"y":-0.6617332100868225,"z":0.4202495515346527,"w":-0.5241433382034302},"size":10.0,"orthographic":false}